Parameter,Value,GRU,Calibrate,Notes,Parameter Description
_ProjectTitle_,Project Title Here,NA,,,
_Modeller_,Name of modeller here,NA,,,
_Institution_,Name of institution here,NA,,,
_DEGLAT_,100,,,,Latitude of the site in degrees
_DEGLON_,100,,,,Longitude of the site in degrees
_ZRFM_,40,,,,Wind reference height
_ZRFH_,40,,,,T and q reference height
_ZBLD_,50,,,,Blending height where surface roughness no longer applies
_NL_,1,,,,Number of grids
_NM_,10,,,,Number of GRUs
_FCAN-NL1_,1.001,1,FALSE,,Annual maximum fraction of the grid-cell occupied by vegetation category or land cover
_FCAN-BL1_,1.001,1,FALSE,,
_FCAN-C1_,1.001,1,FALSE,,
_FCAN-G1_,1.001,1,FALSE,,
_FCAN-U1_,1.001,1,FALSE,,
_LAMX-NL1_,1.001,1,TRUE,,Annual maximum leaf-area index of the vegetation category
_LAMX-BL1_,1.001,1,TRUE,,
_LAMX-C1_,1.001,1,TRUE,,
_LAMX-G1_,1.001,1,TRUE,,
_LNZ0-NL1_,1.001,1,TRUE,,Natural logarithm of the roughness length of the vegetation category or land cover
_LNZ0-BL1_,1.001,1,TRUE,,
_LNZ0-C1_,1.001,1,TRUE,,
_LNZ0-G1_,1.001,1,TRUE,,
_LNZ0-U1_,1.001,1,TRUE,,
_LAMN-NL1_,1.001,1,FALSE,,Annual minimum leaf-area index of the vegetation category
_LAMN-BL1_,1.001,1,FALSE,,
_LAMN-C1_,1.001,1,FALSE,,
_LAMN-G1_,1.001,1,FALSE,,
_ALVC-NL1_,1.001,1,FALSE,,Average visible albedo of the vegetation category when fully-leafed or of the land cover
_ALVC-BL1_,1.001,1,FALSE,,
_ALVC-C1_,1.001,1,FALSE,,
_ALVC-G1_,1.001,1,FALSE,,
_ALVC-U1_,1.001,1,FALSE,,
_CMAS-NL1_,1.001,1,FALSE,,Annual maximum canopy mass of the vegetation category
_CMAS-BL1_,1.001,1,FALSE,,
_CMAS-C1_,1.001,1,FALSE,,
_CMAS-G1_,1.001,1,FALSE,,
_ALIC-NL1_,1.001,1,FALSE,,Average near-infrared albedo of the vegetation category when fully-leafed or of the land cover
_ALIC-BL1_,1.001,1,FALSE,,
_ALIC-C1_,1.001,1,FALSE,,
_ALIC-G1_,1.001,1,FALSE,,
_ALIC-U1_,1.001,1,FALSE,,
_ROOT-NL1_,1.001,1,FALSE,,Annual maximum rooting depth of the vegetation category
_ROOT-BL1_,1.001,1,FALSE,,
_ROOT-C1_,1.001,1,FALSE,,
_ROOT-G1_,1.001,1,FALSE,,
_RSMN-NL1_,1.001,1,FALSE,,Minimum stomatal resistance of the vegetation category
_RSMN-BL1_,1.001,1,FALSE,,
_RSMN-C1_,1.001,1,FALSE,,
_RSMN-G1_,1.001,1,FALSE,,
_QA50-NL1_,1.001,1,FALSE,,Reference value of shortwave radiation used in the calculation of the stomatal resistance of the vegetation category
_QA50-BL1_,1.001,1,FALSE,,
_QA50-C1_,1.001,1,FALSE,,
_QA50-G1_,1.001,1,FALSE,,
_VPDA-NL1_,1.001,1,FALSE,,Vapor pressure deficit coefficient 'A' used in the calculation of the stomatal resistance of the vegetation category
_VPDA-BL1_,1.001,1,FALSE,,
_VPDA-C1_,1.001,1,FALSE,,
_VPDA-G1_,1.001,1,FALSE,,
_VPDB-NL1_,1.001,1,FALSE,,Vapor pressure deficit coefficient 'B' used in the calculation of the stomatal resistance of the vegetation category
_VPDB-BL1_,1.001,1,FALSE,,
_VPDB-C1_,1.001,1,FALSE,,
_VPDB-G1_,1.001,1,FALSE,,
_PSGA-NL1_,1.001,1,FALSE,,Soil moisture suction coefficient 'A' used in the calculation of the stomatal resistance of the vegetation category
_PSGA-BL1_,1.001,1,FALSE,,
_PSGA-C1_,1.001,1,FALSE,,
_PSGA-G1_,1.001,1,FALSE,,
_PSGB-NL1_,1.001,1,FALSE,,Soil moisture suction coefficient 'B' used in the calculation of the stomatal resistance of the vegetation category
_PSGB-BL1_,1.001,1,FALSE,,
_PSGB-C1_,1.001,1,FALSE,,
_PSGB-G1_,1.001,1,FALSE,,
_DRN-1_,1.001,1,FALSE,,Drainage index for bottom of the soil column
_SDEP-1_,1.001,1,FALSE,,Permeable depth of the soil column
_FARE-1_,1.001,1,FALSE,,
_DDEN-1_,1.001,1,FALSE,,Estimated drainage density of the GRU
_XSLOPE-1_,1.001,1,FALSE,,Estimated average slope of the GRU
_GRKF-1_,1.001,1,FALSE,,Fraction of the saturated surface soil conductivity moving in the horizontal direction
_MANN-1_,1.001,1,FALSE,,Manning's 'n'
_KSAT-1_,1.001,1,FALSE,,Saturated surface soil conductivity
_SAND1-1_,1.001,1,FALSE,,Percent content of sand in the mineral soil
_SAND2-1_,1.001,1,FALSE,,
_SAND3-1_,1.001,1,FALSE,,
_CLAY1-1_,1.001,1,FALSE,,Percent content of clay in the mineral soil
_CLAY2-1_,1.001,1,FALSE,,
_CLAY3-1_,1.001,1,FALSE,,
_ORGM1-1_,1.001,1,FALSE,,Percent content of organic matter in the mineral soil
_ORGM2-1_,1.001,1,FALSE,,
_ORGM3-1_,1.001,1,FALSE,,
_TBAR1-1_,5.438,1,FALSE,,Temperature of the soil layer
_TBAR2-1_,4,1,FALSE,,
_TBAR3-1_,2,1,FALSE,,
_TCAN-1_,3.565,1,FALSE,,Air temperature of the canopy
_TSNO-1_,0,1,FALSE,,Temperature of the snow mass present on the ground surface; 0.0 if no such mass exists
_TPND-1_,4.784,1,FALSE,,Temperature of the liquid water stored on the ground surface; 0.0 if no such storage exists
_THLQ1-1_,0.2498,1,FALSE,,Volumetric liquid water content stored in the soil
_THLQ2-1_,0.3657,1,FALSE,,
_THLQ3-1_,0.3657,1,FALSE,,
_THIC1-1_,0,1,FALSE,,Volumetric frozen water content stored in the soil
_THIC2-1_,0,1,FALSE,,
_THIC3-1_,0,1,FALSE,,
_ZPND-1_,0,1,FALSE,,Depth of liquid water stored on the ground surface
_RCAN-1_,0,1,FALSE,,Liquid water component of precipitation held on the vegetation canopy
_SCAN-1_,0,1,FALSE,,Frozen water component of precipitation held on the vegetation canopy
_SNO-1_,0,1,FALSE,,Snow mass present on the ground surface
_ALBS-1_,0.2,1,FALSE,,Albedo of the snow mass present on the ground surface; 0.0 is no such mass exists
_RHOS-1_,100,1,FALSE,,Density of the snow mass present on the ground surface; 0.0 if no such mass exists
_GRO-1_,1,1,FALSE,,Set to 0.0 before leaf-out; 1.0 when fully-leafed; or estimate the growth index with a fraction if in between
,,,,,
_FCAN-NL2_,2.002,2,FALSE,,
_FCAN-BL2_,2.002,2,FALSE,,
_FCAN-C2_,2.002,2,FALSE,,
_FCAN-G2_,2.002,2,FALSE,,
_FCAN-U2_,2.002,2,FALSE,,
_LAMX-NL2_,2.002,2,TRUE,,
_LAMX-BL2_,2.002,2,TRUE,,
_LAMX-C2_,2.002,2,TRUE,,
_LAMX-G2_,2.002,2,TRUE,,
_LNZ0-NL2_,2.002,2,TRUE,,
_LNZ0-BL2_,2.002,2,TRUE,,
_LNZ0-C2_,2.002,2,TRUE,,
_LNZ0-G2_,2.002,2,TRUE,,
_LNZ0-U2_,2.002,2,TRUE,,
_LAMN-NL2_,2.002,2,FALSE,,
_LAMN-BL2_,2.002,2,FALSE,,
_LAMN-C2_,2.002,2,FALSE,,
_LAMN-G2_,2.002,2,FALSE,,
_ALVC-NL2_,2.002,2,FALSE,,
_ALVC-BL2_,2.002,2,FALSE,,
_ALVC-C2_,2.002,2,FALSE,,
_ALVC-G2_,2.002,2,FALSE,,
_ALVC-U2_,2.002,2,FALSE,,
_CMAS-NL2_,2.002,2,FALSE,,
_CMAS-BL2_,2.002,2,FALSE,,
_CMAS-C2_,2.002,2,FALSE,,
_CMAS-G2_,2.002,2,FALSE,,
_ALIC-NL2_,2.002,2,FALSE,,
_ALIC-BL2_,2.002,2,FALSE,,
_ALIC-C2_,2.002,2,FALSE,,
_ALIC-G2_,2.002,2,FALSE,,
_ALIC-U2_,2.002,2,FALSE,,
_ROOT-NL2_,2.002,2,FALSE,,
_ROOT-BL2_,2.002,2,FALSE,,
_ROOT-C2_,2.002,2,FALSE,,
_ROOT-G2_,2.002,2,FALSE,,
_RSMN-NL2_,2.002,2,FALSE,,
_RSMN-BL2_,2.002,2,FALSE,,
_RSMN-C2_,2.002,2,FALSE,,
_RSMN-G2_,2.002,2,FALSE,,
_QA50-NL2_,2.002,2,FALSE,,
_QA50-BL2_,2.002,2,FALSE,,
_QA50-C2_,2.002,2,FALSE,,
_QA50-G2_,2.002,2,FALSE,,
_VPDA-NL2_,2.002,2,FALSE,,
_VPDA-BL2_,2.002,2,FALSE,,
_VPDA-C2_,2.002,2,FALSE,,
_VPDA-G2_,2.002,2,FALSE,,
_VPDB-NL2_,2.002,2,FALSE,,
_VPDB-BL2_,2.002,2,FALSE,,
_VPDB-C2_,2.002,2,FALSE,,
_VPDB-G2_,2.002,2,FALSE,,
_PSGA-NL2_,2.002,2,FALSE,,
_PSGA-BL2_,2.002,2,FALSE,,
_PSGA-C2_,2.002,2,FALSE,,
_PSGA-G2_,2.002,2,FALSE,,
_PSGB-NL2_,2.002,2,FALSE,,
_PSGB-BL2_,2.002,2,FALSE,,
_PSGB-C2_,2.002,2,FALSE,,
_PSGB-G2_,2.002,2,FALSE,,
_DRN-2_,2.002,2,FALSE,,
_SDEP-2_,2.002,2,FALSE,,
_FARE-2_,2.002,2,FALSE,,
_DDEN-2_,2.002,2,FALSE,,
_XSLOPE-2_,2.002,2,FALSE,,
_GRKF-2_,2.002,2,FALSE,,
_MANN-2_,2.002,2,FALSE,,
_KSAT-2_,2.002,2,FALSE,,
_SAND1-2_,2.002,2,FALSE,,
_SAND2-2_,2.002,2,FALSE,,
_SAND3-2_,2.002,2,FALSE,,
_CLAY1-2_,2.002,2,FALSE,,
_CLAY2-2_,2.002,2,FALSE,,
_CLAY3-2_,2.002,2,FALSE,,
_ORGM1-2_,2.002,2,FALSE,,
_ORGM2-2_,2.002,2,FALSE,,
_ORGM3-2_,2.002,2,FALSE,,
_TBAR1-2_,5.438,2,FALSE,,
_TBAR2-2_,4,2,FALSE,,
_TBAR3-2_,2,2,FALSE,,
_TCAN-2_,3.565,2,FALSE,,
_TSNO-2_,0,2,FALSE,,
_TPND-2_,4.784,2,FALSE,,
_THLQ1-2_,0.2498,2,FALSE,,
_THLQ2-2_,0.3657,2,FALSE,,
_THLQ3-2_,0.3657,2,FALSE,,
_THIC1-2_,0,2,FALSE,,
_THIC2-2_,0,2,FALSE,,
_THIC3-2_,0,2,FALSE,,
_ZPND-2_,0,2,FALSE,,
_RCAN-2_,0,2,FALSE,,
_SCAN-2_,0,2,FALSE,,
_SNO-2_,0,2,FALSE,,
_ALBS-2_,0.2,2,FALSE,,
_RHOS-2_,100,2,FALSE,,
_GRO-2_,1,2,FALSE,,
,,,,,
_FCAN-NL3_,3.003,3,FALSE,,
_FCAN-BL3_,3.003,3,FALSE,,
_FCAN-C3_,3.003,3,FALSE,,
_FCAN-G3_,3.003,3,FALSE,,
_FCAN-U3_,3.003,3,FALSE,,
_LAMX-NL3_,3.003,3,TRUE,,
_LAMX-BL3_,3.003,3,TRUE,,
_LAMX-C3_,3.003,3,TRUE,,
_LAMX-G3_,3.003,3,TRUE,,
_LNZ0-NL3_,3.003,3,TRUE,,
_LNZ0-BL3_,3.003,3,TRUE,,
_LNZ0-C3_,3.003,3,TRUE,,
_LNZ0-G3_,3.003,3,TRUE,,
_LNZ0-U3_,3.003,3,TRUE,,
_LAMN-NL3_,3.003,3,FALSE,,
_LAMN-BL3_,3.003,3,FALSE,,
_LAMN-C3_,3.003,3,FALSE,,
_LAMN-G3_,3.003,3,FALSE,,
_ALVC-NL3_,3.003,3,FALSE,,
_ALVC-BL3_,3.003,3,FALSE,,
_ALVC-C3_,3.003,3,FALSE,,
_ALVC-G3_,3.003,3,FALSE,,
_ALVC-U3_,3.003,3,FALSE,,
_CMAS-NL3_,3.003,3,FALSE,,
_CMAS-BL3_,3.003,3,FALSE,,
_CMAS-C3_,3.003,3,FALSE,,
_CMAS-G3_,3.003,3,FALSE,,
_ALIC-NL3_,3.003,3,FALSE,,
_ALIC-BL3_,3.003,3,FALSE,,
_ALIC-C3_,3.003,3,FALSE,,
_ALIC-G3_,3.003,3,FALSE,,
_ALIC-U3_,3.003,3,FALSE,,
_ROOT-NL3_,3.003,3,FALSE,,
_ROOT-BL3_,3.003,3,FALSE,,
_ROOT-C3_,3.003,3,FALSE,,
_ROOT-G3_,3.003,3,FALSE,,
_RSMN-NL3_,3.003,3,FALSE,,
_RSMN-BL3_,3.003,3,FALSE,,
_RSMN-C3_,3.003,3,FALSE,,
_RSMN-G3_,3.003,3,FALSE,,
_QA50-NL3_,3.003,3,FALSE,,
_QA50-BL3_,3.003,3,FALSE,,
_QA50-C3_,3.003,3,FALSE,,
_QA50-G3_,3.003,3,FALSE,,
_VPDA-NL3_,3.003,3,FALSE,,
_VPDA-BL3_,3.003,3,FALSE,,
_VPDA-C3_,3.003,3,FALSE,,
_VPDA-G3_,3.003,3,FALSE,,
_VPDB-NL3_,3.003,3,FALSE,,
_VPDB-BL3_,3.003,3,FALSE,,
_VPDB-C3_,3.003,3,FALSE,,
_VPDB-G3_,3.003,3,FALSE,,
_PSGA-NL3_,3.003,3,FALSE,,
_PSGA-BL3_,3.003,3,FALSE,,
_PSGA-C3_,3.003,3,FALSE,,
_PSGA-G3_,3.003,3,FALSE,,
_PSGB-NL3_,3.003,3,FALSE,,
_PSGB-BL3_,3.003,3,FALSE,,
_PSGB-C3_,3.003,3,FALSE,,
_PSGB-G3_,3.003,3,FALSE,,
_DRN-3_,3.003,3,FALSE,,
_SDEP-3_,3.003,3,FALSE,,
_FARE-3_,3.003,3,FALSE,,
_DDEN-3_,3.003,3,FALSE,,
_XSLOPE-3_,3.003,3,FALSE,,
_GRKF-3_,3.003,3,FALSE,,
_MANN-3_,3.003,3,FALSE,,
_KSAT-3_,3.003,3,FALSE,,
_SAND1-3_,3.003,3,FALSE,,
_SAND2-3_,3.003,3,FALSE,,
_SAND3-3_,3.003,3,FALSE,,
_CLAY1-3_,3.003,3,FALSE,,
_CLAY2-3_,3.003,3,FALSE,,
_CLAY3-3_,3.003,3,FALSE,,
_ORGM1-3_,3.003,3,FALSE,,
_ORGM2-3_,3.003,3,FALSE,,
_ORGM3-3_,3.003,3,FALSE,,
_TBAR1-3_,5.438,3,FALSE,,
_TBAR2-3_,4,3,FALSE,,
_TBAR3-3_,2,3,FALSE,,
_TCAN-3_,3.565,3,FALSE,,
_TSNO-3_,0,3,FALSE,,
_TPND-3_,4.784,3,FALSE,,
_THLQ1-3_,0.2498,3,FALSE,,
_THLQ2-3_,0.3657,3,FALSE,,
_THLQ3-3_,0.3657,3,FALSE,,
_THIC1-3_,0,3,FALSE,,
_THIC2-3_,0,3,FALSE,,
_THIC3-3_,0,3,FALSE,,
_ZPND-3_,0,3,FALSE,,
_RCAN-3_,0,3,FALSE,,
_SCAN-3_,0,3,FALSE,,
_SNO-3_,0,3,FALSE,,
_ALBS-3_,0.2,3,FALSE,,
_RHOS-3_,100,3,FALSE,,
_GRO-3_,1,3,FALSE,,
,,,,,
_FCAN-NL4_,4.004,4,FALSE,,
_FCAN-BL4_,4.004,4,FALSE,,
_FCAN-C4_,4.004,4,FALSE,,
_FCAN-G4_,4.004,4,FALSE,,
_FCAN-U4_,4.004,4,FALSE,,
_LAMX-NL4_,4.004,4,TRUE,,
_LAMX-BL4_,4.004,4,TRUE,,
_LAMX-C4_,4.004,4,TRUE,,
_LAMX-G4_,4.004,4,TRUE,,
_LNZ0-NL4_,4.004,4,TRUE,,
_LNZ0-BL4_,4.004,4,TRUE,,
_LNZ0-C4_,4.004,4,TRUE,,
_LNZ0-G4_,4.004,4,TRUE,,
_LNZ0-U4_,4.004,4,TRUE,,
_LAMN-NL4_,4.004,4,FALSE,,
_LAMN-BL4_,4.004,4,FALSE,,
_LAMN-C4_,4.004,4,FALSE,,
_LAMN-G4_,4.004,4,FALSE,,
_ALVC-NL4_,4.004,4,FALSE,,
_ALVC-BL4_,4.004,4,FALSE,,
_ALVC-C4_,4.004,4,FALSE,,
_ALVC-G4_,4.004,4,FALSE,,
_ALVC-U4_,4.004,4,FALSE,,
_CMAS-NL4_,4.004,4,FALSE,,
_CMAS-BL4_,4.004,4,FALSE,,
_CMAS-C4_,4.004,4,FALSE,,
_CMAS-G4_,4.004,4,FALSE,,
_ALIC-NL4_,4.004,4,FALSE,,
_ALIC-BL4_,4.004,4,FALSE,,
_ALIC-C4_,4.004,4,FALSE,,
_ALIC-G4_,4.004,4,FALSE,,
_ALIC-U4_,4.004,4,FALSE,,
_ROOT-NL4_,4.004,4,FALSE,,
_ROOT-BL4_,4.004,4,FALSE,,
_ROOT-C4_,4.004,4,FALSE,,
_ROOT-G4_,4.004,4,FALSE,,
_RSMN-NL4_,4.004,4,FALSE,,
_RSMN-BL4_,4.004,4,FALSE,,
_RSMN-C4_,4.004,4,FALSE,,
_RSMN-G4_,4.004,4,FALSE,,
_QA50-NL4_,4.004,4,FALSE,,
_QA50-BL4_,4.004,4,FALSE,,
_QA50-C4_,4.004,4,FALSE,,
_QA50-G4_,4.004,4,FALSE,,
_VPDA-NL4_,4.004,4,FALSE,,
_VPDA-BL4_,4.004,4,FALSE,,
_VPDA-C4_,4.004,4,FALSE,,
_VPDA-G4_,4.004,4,FALSE,,
_VPDB-NL4_,4.004,4,FALSE,,
_VPDB-BL4_,4.004,4,FALSE,,
_VPDB-C4_,4.004,4,FALSE,,
_VPDB-G4_,4.004,4,FALSE,,
_PSGA-NL4_,4.004,4,FALSE,,
_PSGA-BL4_,4.004,4,FALSE,,
_PSGA-C4_,4.004,4,FALSE,,
_PSGA-G4_,4.004,4,FALSE,,
_PSGB-NL4_,4.004,4,FALSE,,
_PSGB-BL4_,4.004,4,FALSE,,
_PSGB-C4_,4.004,4,FALSE,,
_PSGB-G4_,4.004,4,FALSE,,
_DRN-4_,4.004,4,FALSE,,
_SDEP-4_,4.004,4,FALSE,,
_FARE-4_,4.004,4,FALSE,,
_DDEN-4_,4.004,4,FALSE,,
_XSLOPE-4_,4.004,4,FALSE,,
_GRKF-4_,4.004,4,FALSE,,
_MANN-4_,4.004,4,FALSE,,
_KSAT-4_,4.004,4,FALSE,,
_SAND1-4_,4.004,4,FALSE,,
_SAND2-4_,4.004,4,FALSE,,
_SAND3-4_,4.004,4,FALSE,,
_CLAY1-4_,4.004,4,FALSE,,
_CLAY2-4_,4.004,4,FALSE,,
_CLAY3-4_,4.004,4,FALSE,,
_ORGM1-4_,4.004,4,FALSE,,
_ORGM2-4_,4.004,4,FALSE,,
_ORGM3-4_,4.004,4,FALSE,,
_TBAR1-4_,5.438,4,FALSE,,
_TBAR2-4_,4,4,FALSE,,
_TBAR3-4_,2,4,FALSE,,
_TCAN-4_,3.565,4,FALSE,,
_TSNO-4_,0,4,FALSE,,
_TPND-4_,4.784,4,FALSE,,
_THLQ1-4_,0.2498,4,FALSE,,
_THLQ2-4_,0.3657,4,FALSE,,
_THLQ3-4_,0.3657,4,FALSE,,
_THIC1-4_,0,4,FALSE,,
_THIC2-4_,0,4,FALSE,,
_THIC3-4_,0,4,FALSE,,
_ZPND-4_,0,4,FALSE,,
_RCAN-4_,0,4,FALSE,,
_SCAN-4_,0,4,FALSE,,
_SNO-4_,0,4,FALSE,,
_ALBS-4_,0.2,4,FALSE,,
_RHOS-4_,100,4,FALSE,,
_GRO-4_,1,4,FALSE,,
,,,,,
,,,,,
_FCAN-NL5_,5.005,5,FALSE,,
_FCAN-BL5_,5.005,5,FALSE,,
_FCAN-C5_,5.005,5,FALSE,,
_FCAN-G5_,5.005,5,FALSE,,
_FCAN-U5_,5.005,5,FALSE,,
_LAMX-NL5_,5.005,5,TRUE,,
_LAMX-BL5_,5.005,5,TRUE,,
_LAMX-C5_,5.005,5,TRUE,,
_LAMX-G5_,5.005,5,TRUE,,
_LNZ0-NL5_,5.005,5,TRUE,,
_LNZ0-BL5_,5.005,5,TRUE,,
_LNZ0-C5_,5.005,5,TRUE,,
_LNZ0-G5_,5.005,5,TRUE,,
_LNZ0-U5_,5.005,5,TRUE,,
_LAMN-NL5_,5.005,5,FALSE,,
_LAMN-BL5_,5.005,5,FALSE,,
_LAMN-C5_,5.005,5,FALSE,,
_LAMN-G5_,5.005,5,FALSE,,
_ALVC-NL5_,5.005,5,FALSE,,
_ALVC-BL5_,5.005,5,FALSE,,
_ALVC-C5_,5.005,5,FALSE,,
_ALVC-G5_,5.005,5,FALSE,,
_ALVC-U5_,5.005,5,FALSE,,
_CMAS-NL5_,5.005,5,FALSE,,
_CMAS-BL5_,5.005,5,FALSE,,
_CMAS-C5_,5.005,5,FALSE,,
_CMAS-G5_,5.005,5,FALSE,,
_ALIC-NL5_,5.005,5,FALSE,,
_ALIC-BL5_,5.005,5,FALSE,,
_ALIC-C5_,5.005,5,FALSE,,
_ALIC-G5_,5.005,5,FALSE,,
_ALIC-U5_,5.005,5,FALSE,,
_ROOT-NL5_,5.005,5,FALSE,,
_ROOT-BL5_,5.005,5,FALSE,,
_ROOT-C5_,5.005,5,FALSE,,
_ROOT-G5_,5.005,5,FALSE,,
_RSMN-NL5_,5.005,5,FALSE,,
_RSMN-BL5_,5.005,5,FALSE,,
_RSMN-C5_,5.005,5,FALSE,,
_RSMN-G5_,5.005,5,FALSE,,
_QA50-NL5_,5.005,5,FALSE,,
_QA50-BL5_,5.005,5,FALSE,,
_QA50-C5_,5.005,5,FALSE,,
_QA50-G5_,5.005,5,FALSE,,
_VPDA-NL5_,5.005,5,FALSE,,
_VPDA-BL5_,5.005,5,FALSE,,
_VPDA-C5_,5.005,5,FALSE,,
_VPDA-G5_,5.005,5,FALSE,,
_VPDB-NL5_,5.005,5,FALSE,,
_VPDB-BL5_,5.005,5,FALSE,,
_VPDB-C5_,5.005,5,FALSE,,
_VPDB-G5_,5.005,5,FALSE,,
_PSGA-NL5_,5.005,5,FALSE,,
_PSGA-BL5_,5.005,5,FALSE,,
_PSGA-C5_,5.005,5,FALSE,,
_PSGA-G5_,5.005,5,FALSE,,
_PSGB-NL5_,5.005,5,FALSE,,
_PSGB-BL5_,5.005,5,FALSE,,
_PSGB-C5_,5.005,5,FALSE,,
_PSGB-G5_,5.005,5,FALSE,,
_DRN-5_,5.005,5,FALSE,,
_SDEP-5_,5.005,5,FALSE,,
_FARE-5_,5.005,5,FALSE,,
_DDEN-5_,5.005,5,FALSE,,
_XSLOPE-5_,5.005,5,FALSE,,
_GRKF-5_,5.005,5,FALSE,,
_MANN-5_,5.005,5,FALSE,,
_KSAT-5_,5.005,5,FALSE,,
_SAND1-5_,5.005,5,FALSE,,
_SAND2-5_,5.005,5,FALSE,,
_SAND3-5_,5.005,5,FALSE,,
_CLAY1-5_,5.005,5,FALSE,,
_CLAY2-5_,5.005,5,FALSE,,
_CLAY3-5_,5.005,5,FALSE,,
_ORGM1-5_,5.005,5,FALSE,,
_ORGM2-5_,5.005,5,FALSE,,
_ORGM3-5_,5.005,5,FALSE,,
_TBAR1-5_,5.438,5,FALSE,,
_TBAR2-5_,4,5,FALSE,,
_TBAR3-5_,2,5,FALSE,,
_TCAN-5_,3.565,5,FALSE,,
_TSNO-5_,0,5,FALSE,,
_TPND-5_,4.784,5,FALSE,,
_THLQ1-5_,0.2498,5,FALSE,,
_THLQ2-5_,0.3657,5,FALSE,,
_THLQ3-5_,0.3657,5,FALSE,,
_THIC1-5_,0,5,FALSE,,
_THIC2-5_,0,5,FALSE,,
_THIC3-5_,0,5,FALSE,,
_ZPND-5_,0,5,FALSE,,
_RCAN-5_,0,5,FALSE,,
_SCAN-5_,0,5,FALSE,,
_SNO-5_,0,5,FALSE,,
_ALBS-5_,0.2,5,FALSE,,
_RHOS-5_,100,5,FALSE,,
_GRO-5_,1,5,FALSE,,
,,,,,
_FCAN-NL6_,6.006,6,FALSE,,
_FCAN-BL6_,6.006,6,FALSE,,
_FCAN-C6_,6.006,6,FALSE,,
_FCAN-G6_,6.006,6,FALSE,,
_FCAN-U6_,6.006,6,FALSE,,
_LAMX-NL6_,6.006,6,TRUE,,
_LAMX-BL6_,6.006,6,TRUE,,
_LAMX-C6_,6.006,6,TRUE,,
_LAMX-G6_,6.006,6,TRUE,,
_LNZ0-NL6_,6.006,6,TRUE,,
_LNZ0-BL6_,6.006,6,TRUE,,
_LNZ0-C6_,6.006,6,TRUE,,
_LNZ0-G6_,6.006,6,TRUE,,
_LNZ0-U6_,6.006,6,TRUE,,
_LAMN-NL6_,6.006,6,FALSE,,
_LAMN-BL6_,6.006,6,FALSE,,
_LAMN-C6_,6.006,6,FALSE,,
_LAMN-G6_,6.006,6,FALSE,,
_ALVC-NL6_,6.006,6,FALSE,,
_ALVC-BL6_,6.006,6,FALSE,,
_ALVC-C6_,6.006,6,FALSE,,
_ALVC-G6_,6.006,6,FALSE,,
_ALVC-U6_,6.006,6,FALSE,,
_CMAS-NL6_,6.006,6,FALSE,,
_CMAS-BL6_,6.006,6,FALSE,,
_CMAS-C6_,6.006,6,FALSE,,
_CMAS-G6_,6.006,6,FALSE,,
_ALIC-NL6_,6.006,6,FALSE,,
_ALIC-BL6_,6.006,6,FALSE,,
_ALIC-C6_,6.006,6,FALSE,,
_ALIC-G6_,6.006,6,FALSE,,
_ALIC-U6_,6.006,6,FALSE,,
_ROOT-NL6_,6.006,6,FALSE,,
_ROOT-BL6_,6.006,6,FALSE,,
_ROOT-C6_,6.006,6,FALSE,,
_ROOT-G6_,6.006,6,FALSE,,
_RSMN-NL6_,6.006,6,FALSE,,
_RSMN-BL6_,6.006,6,FALSE,,
_RSMN-C6_,6.006,6,FALSE,,
_RSMN-G6_,6.006,6,FALSE,,
_QA50-NL6_,6.006,6,FALSE,,
_QA50-BL6_,6.006,6,FALSE,,
_QA50-C6_,6.006,6,FALSE,,
_QA50-G6_,6.006,6,FALSE,,
_VPDA-NL6_,6.006,6,FALSE,,
_VPDA-BL6_,6.006,6,FALSE,,
_VPDA-C6_,6.006,6,FALSE,,
_VPDA-G6_,6.006,6,FALSE,,
_VPDB-NL6_,6.006,6,FALSE,,
_VPDB-BL6_,6.006,6,FALSE,,
_VPDB-C6_,6.006,6,FALSE,,
_VPDB-G6_,6.006,6,FALSE,,
_PSGA-NL6_,6.006,6,FALSE,,
_PSGA-BL6_,6.006,6,FALSE,,
_PSGA-C6_,6.006,6,FALSE,,
_PSGA-G6_,6.006,6,FALSE,,
_PSGB-NL6_,6.006,6,FALSE,,
_PSGB-BL6_,6.006,6,FALSE,,
_PSGB-C6_,6.006,6,FALSE,,
_PSGB-G6_,6.006,6,FALSE,,
_DRN-6_,6.006,6,FALSE,,
_SDEP-6_,6.006,6,FALSE,,
_FARE-6_,6.006,6,FALSE,,
_DDEN-6_,6.006,6,FALSE,,
_XSLOPE-6_,6.006,6,FALSE,,
_GRKF-6_,6.006,6,FALSE,,
_MANN-6_,6.006,6,FALSE,,
_KSAT-6_,6.006,6,FALSE,,
_SAND1-6_,6.006,6,FALSE,,
_SAND2-6_,6.006,6,FALSE,,
_SAND3-6_,6.006,6,FALSE,,
_CLAY1-6_,6.006,6,FALSE,,
_CLAY2-6_,6.006,6,FALSE,,
_CLAY3-6_,6.006,6,FALSE,,
_ORGM1-6_,6.006,6,FALSE,,
_ORGM2-6_,6.006,6,FALSE,,
_ORGM3-6_,6.006,6,FALSE,,
_TBAR1-6_,5.438,6,FALSE,,
_TBAR2-6_,4,6,FALSE,,
_TBAR3-6_,2,6,FALSE,,
_TCAN-6_,3.565,6,FALSE,,
_TSNO-6_,0,6,FALSE,,
_TPND-6_,4.784,6,FALSE,,
_THLQ1-6_,0.2498,6,FALSE,,
_THLQ2-6_,0.3657,6,FALSE,,
_THLQ3-6_,0.3657,6,FALSE,,
_THIC1-6_,0,6,FALSE,,
_THIC2-6_,0,6,FALSE,,
_THIC3-6_,0,6,FALSE,,
_ZPND-6_,0,6,FALSE,,
_RCAN-6_,0,6,FALSE,,
_SCAN-6_,0,6,FALSE,,
_SNO-6_,0,6,FALSE,,
_ALBS-6_,0.2,6,FALSE,,
_RHOS-6_,100,6,FALSE,,
_GRO-6_,1,6,FALSE,,
,,,,,
_FCAN-NL7_,7.007,7,FALSE,,
_FCAN-BL7_,7.007,7,FALSE,,
_FCAN-C7_,7.007,7,FALSE,,
_FCAN-G7_,7.007,7,FALSE,,
_FCAN-U7_,7.007,7,FALSE,,
_LAMX-NL7_,7.007,7,TRUE,,
_LAMX-BL7_,7.007,7,TRUE,,
_LAMX-C7_,7.007,7,TRUE,,
_LAMX-G7_,7.007,7,TRUE,,
_LNZ0-NL7_,7.007,7,TRUE,,
_LNZ0-BL7_,7.007,7,TRUE,,
_LNZ0-C7_,7.007,7,TRUE,,
_LNZ0-G7_,7.007,7,TRUE,,
_LNZ0-U7_,7.007,7,TRUE,,
_LAMN-NL7_,7.007,7,FALSE,,
_LAMN-BL7_,7.007,7,FALSE,,
_LAMN-C7_,7.007,7,FALSE,,
_LAMN-G7_,7.007,7,FALSE,,
_ALVC-NL7_,7.007,7,FALSE,,
_ALVC-BL7_,7.007,7,FALSE,,
_ALVC-C7_,7.007,7,FALSE,,
_ALVC-G7_,7.007,7,FALSE,,
_ALVC-U7_,7.007,7,FALSE,,
_CMAS-NL7_,7.007,7,FALSE,,
_CMAS-BL7_,7.007,7,FALSE,,
_CMAS-C7_,7.007,7,FALSE,,
_CMAS-G7_,7.007,7,FALSE,,
_ALIC-NL7_,7.007,7,FALSE,,
_ALIC-BL7_,7.007,7,FALSE,,
_ALIC-C7_,7.007,7,FALSE,,
_ALIC-G7_,7.007,7,FALSE,,
_ALIC-U7_,7.007,7,FALSE,,
_ROOT-NL7_,7.007,7,FALSE,,
_ROOT-BL7_,7.007,7,FALSE,,
_ROOT-C7_,7.007,7,FALSE,,
_ROOT-G7_,7.007,7,FALSE,,
_RSMN-NL7_,7.007,7,FALSE,,
_RSMN-BL7_,7.007,7,FALSE,,
_RSMN-C7_,7.007,7,FALSE,,
_RSMN-G7_,7.007,7,FALSE,,
_QA50-NL7_,7.007,7,FALSE,,
_QA50-BL7_,7.007,7,FALSE,,
_QA50-C7_,7.007,7,FALSE,,
_QA50-G7_,7.007,7,FALSE,,
_VPDA-NL7_,7.007,7,FALSE,,
_VPDA-BL7_,7.007,7,FALSE,,
_VPDA-C7_,7.007,7,FALSE,,
_VPDA-G7_,7.007,7,FALSE,,
_VPDB-NL7_,7.007,7,FALSE,,
_VPDB-BL7_,7.007,7,FALSE,,
_VPDB-C7_,7.007,7,FALSE,,
_VPDB-G7_,7.007,7,FALSE,,
_PSGA-NL7_,7.007,7,FALSE,,
_PSGA-BL7_,7.007,7,FALSE,,
_PSGA-C7_,7.007,7,FALSE,,
_PSGA-G7_,7.007,7,FALSE,,
_PSGB-NL7_,7.007,7,FALSE,,
_PSGB-BL7_,7.007,7,FALSE,,
_PSGB-C7_,7.007,7,FALSE,,
_PSGB-G7_,7.007,7,FALSE,,
_DRN-7_,7.007,7,FALSE,,
_SDEP-7_,7.007,7,FALSE,,
_FARE-7_,7.007,7,FALSE,,
_DDEN-7_,7.007,7,FALSE,,
_XSLOPE-7_,7.007,7,FALSE,,
_GRKF-7_,7.007,7,FALSE,,
_MANN-7_,7.007,7,FALSE,,
_KSAT-7_,7.007,7,FALSE,,
_SAND1-7_,7.007,7,FALSE,,
_SAND2-7_,7.007,7,FALSE,,
_SAND3-7_,7.007,7,FALSE,,
_CLAY1-7_,7.007,7,FALSE,,
_CLAY2-7_,7.007,7,FALSE,,
_CLAY3-7_,7.007,7,FALSE,,
_ORGM1-7_,7.007,7,FALSE,,
_ORGM2-7_,7.007,7,FALSE,,
_ORGM3-7_,7.007,7,FALSE,,
_TBAR1-7_,5.438,7,FALSE,,
_TBAR2-7_,4,7,FALSE,,
_TBAR3-7_,2,7,FALSE,,
_TCAN-7_,3.565,7,FALSE,,
_TSNO-7_,0,7,FALSE,,
_TPND-7_,4.784,7,FALSE,,
_THLQ1-7_,0.2498,7,FALSE,,
_THLQ2-7_,0.3657,7,FALSE,,
_THLQ3-7_,0.3657,7,FALSE,,
_THIC1-7_,0,7,FALSE,,
_THIC2-7_,0,7,FALSE,,
_THIC3-7_,0,7,FALSE,,
_ZPND-7_,0,7,FALSE,,
_RCAN-7_,0,7,FALSE,,
_SCAN-7_,0,7,FALSE,,
_SNO-7_,0,7,FALSE,,
_ALBS-7_,0.2,7,FALSE,,
_RHOS-7_,100,7,FALSE,,
_GRO-7_,1,7,FALSE,,
,,,,,
_FCAN-NL8_,8.008,8,FALSE,,
_FCAN-BL8_,8.008,8,FALSE,,
_FCAN-C8_,8.008,8,FALSE,,
_FCAN-G8_,8.008,8,FALSE,,
_FCAN-U8_,8.008,8,FALSE,,
_LAMX-NL8_,8.008,8,TRUE,,
_LAMX-BL8_,8.008,8,TRUE,,
_LAMX-C8_,8.008,8,TRUE,,
_LAMX-G8_,8.008,8,TRUE,,
_LNZ0-NL8_,8.008,8,TRUE,,
_LNZ0-BL8_,8.008,8,TRUE,,
_LNZ0-C8_,8.008,8,TRUE,,
_LNZ0-G8_,8.008,8,TRUE,,
_LNZ0-U8_,8.008,8,TRUE,,
_LAMN-NL8_,8.008,8,FALSE,,
_LAMN-BL8_,8.008,8,FALSE,,
_LAMN-C8_,8.008,8,FALSE,,
_LAMN-G8_,8.008,8,FALSE,,
_ALVC-NL8_,8.008,8,FALSE,,
_ALVC-BL8_,8.008,8,FALSE,,
_ALVC-C8_,8.008,8,FALSE,,
_ALVC-G8_,8.008,8,FALSE,,
_ALVC-U8_,8.008,8,FALSE,,
_CMAS-NL8_,8.008,8,FALSE,,
_CMAS-BL8_,8.008,8,FALSE,,
_CMAS-C8_,8.008,8,FALSE,,
_CMAS-G8_,8.008,8,FALSE,,
_ALIC-NL8_,8.008,8,FALSE,,
_ALIC-BL8_,8.008,8,FALSE,,
_ALIC-C8_,8.008,8,FALSE,,
_ALIC-G8_,8.008,8,FALSE,,
_ALIC-U8_,8.008,8,FALSE,,
_ROOT-NL8_,8.008,8,FALSE,,
_ROOT-BL8_,8.008,8,FALSE,,
_ROOT-C8_,8.008,8,FALSE,,
_ROOT-G8_,8.008,8,FALSE,,
_RSMN-NL8_,8.008,8,FALSE,,
_RSMN-BL8_,8.008,8,FALSE,,
_RSMN-C8_,8.008,8,FALSE,,
_RSMN-G8_,8.008,8,FALSE,,
_QA50-NL8_,8.008,8,FALSE,,
_QA50-BL8_,8.008,8,FALSE,,
_QA50-C8_,8.008,8,FALSE,,
_QA50-G8_,8.008,8,FALSE,,
_VPDA-NL8_,8.008,8,FALSE,,
_VPDA-BL8_,8.008,8,FALSE,,
_VPDA-C8_,8.008,8,FALSE,,
_VPDA-G8_,8.008,8,FALSE,,
_VPDB-NL8_,8.008,8,FALSE,,
_VPDB-BL8_,8.008,8,FALSE,,
_VPDB-C8_,8.008,8,FALSE,,
_VPDB-G8_,8.008,8,FALSE,,
_PSGA-NL8_,8.008,8,FALSE,,
_PSGA-BL8_,8.008,8,FALSE,,
_PSGA-C8_,8.008,8,FALSE,,
_PSGA-G8_,8.008,8,FALSE,,
_PSGB-NL8_,8.008,8,FALSE,,
_PSGB-BL8_,8.008,8,FALSE,,
_PSGB-C8_,8.008,8,FALSE,,
_PSGB-G8_,8.008,8,FALSE,,
_DRN-8_,8.008,8,FALSE,,
_SDEP-8_,8.008,8,FALSE,,
_FARE-8_,8.008,8,FALSE,,
_DDEN-8_,8.008,8,FALSE,,
_XSLOPE-8_,8.008,8,FALSE,,
_GRKF-8_,8.008,8,FALSE,,
_MANN-8_,8.008,8,FALSE,,
_KSAT-8_,8.008,8,FALSE,,
_SAND1-8_,8.008,8,FALSE,,
_SAND2-8_,8.008,8,FALSE,,
_SAND3-8_,8.008,8,FALSE,,
_CLAY1-8_,8.008,8,FALSE,,
_CLAY2-8_,8.008,8,FALSE,,
_CLAY3-8_,8.008,8,FALSE,,
_ORGM1-8_,8.008,8,FALSE,,
_ORGM2-8_,8.008,8,FALSE,,
_ORGM3-8_,8.008,8,FALSE,,
_TBAR1-8_,5.438,8,FALSE,,
_TBAR2-8_,4,8,FALSE,,
_TBAR3-8_,2,8,FALSE,,
_TCAN-8_,3.565,8,FALSE,,
_TSNO-8_,0,8,FALSE,,
_TPND-8_,4.784,8,FALSE,,
_THLQ1-8_,0.2498,8,FALSE,,
_THLQ2-8_,0.3657,8,FALSE,,
_THLQ3-8_,0.3657,8,FALSE,,
_THIC1-8_,0,8,FALSE,,
_THIC2-8_,0,8,FALSE,,
_THIC3-8_,0,8,FALSE,,
_ZPND-8_,0,8,FALSE,,
_RCAN-8_,0,8,FALSE,,
_SCAN-8_,0,8,FALSE,,
_SNO-8_,0,8,FALSE,,
_ALBS-8_,0.2,8,FALSE,,
_RHOS-8_,100,8,FALSE,,
_GRO-8_,1,8,FALSE,,
,,,,,
_FCAN-NL9_,9.009,9,FALSE,,
_FCAN-BL9_,9.009,9,FALSE,,
_FCAN-C9_,9.009,9,FALSE,,
_FCAN-G9_,9.009,9,FALSE,,
_FCAN-U9_,9.009,9,FALSE,,
_LAMX-NL9_,9.009,9,TRUE,,
_LAMX-BL9_,9.009,9,TRUE,,
_LAMX-C9_,9.009,9,TRUE,,
_LAMX-G9_,9.009,9,TRUE,,
_LNZ0-NL9_,9.009,9,TRUE,,
_LNZ0-BL9_,9.009,9,TRUE,,
_LNZ0-C9_,9.009,9,TRUE,,
_LNZ0-G9_,9.009,9,TRUE,,
_LNZ0-U9_,9.009,9,TRUE,,
_LAMN-NL9_,9.009,9,FALSE,,
_LAMN-BL9_,9.009,9,FALSE,,
_LAMN-C9_,9.009,9,FALSE,,
_LAMN-G9_,9.009,9,FALSE,,
_ALVC-NL9_,9.009,9,FALSE,,
_ALVC-BL9_,9.009,9,FALSE,,
_ALVC-C9_,9.009,9,FALSE,,
_ALVC-G9_,9.009,9,FALSE,,
_ALVC-U9_,9.009,9,FALSE,,
_CMAS-NL9_,9.009,9,FALSE,,
_CMAS-BL9_,9.009,9,FALSE,,
_CMAS-C9_,9.009,9,FALSE,,
_CMAS-G9_,9.009,9,FALSE,,
_ALIC-NL9_,9.009,9,FALSE,,
_ALIC-BL9_,9.009,9,FALSE,,
_ALIC-C9_,9.009,9,FALSE,,
_ALIC-G9_,9.009,9,FALSE,,
_ALIC-U9_,9.009,9,FALSE,,
_ROOT-NL9_,9.009,9,FALSE,,
_ROOT-BL9_,9.009,9,FALSE,,
_ROOT-C9_,9.009,9,FALSE,,
_ROOT-G9_,9.009,9,FALSE,,
_RSMN-NL9_,9.009,9,FALSE,,
_RSMN-BL9_,9.009,9,FALSE,,
_RSMN-C9_,9.009,9,FALSE,,
_RSMN-G9_,9.009,9,FALSE,,
_QA50-NL9_,9.009,9,FALSE,,
_QA50-BL9_,9.009,9,FALSE,,
_QA50-C9_,9.009,9,FALSE,,
_QA50-G9_,9.009,9,FALSE,,
_VPDA-NL9_,9.009,9,FALSE,,
_VPDA-BL9_,9.009,9,FALSE,,
_VPDA-C9_,9.009,9,FALSE,,
_VPDA-G9_,9.009,9,FALSE,,
_VPDB-NL9_,9.009,9,FALSE,,
_VPDB-BL9_,9.009,9,FALSE,,
_VPDB-C9_,9.009,9,FALSE,,
_VPDB-G9_,9.009,9,FALSE,,
_PSGA-NL9_,9.009,9,FALSE,,
_PSGA-BL9_,9.009,9,FALSE,,
_PSGA-C9_,9.009,9,FALSE,,
_PSGA-G9_,9.009,9,FALSE,,
_PSGB-NL9_,9.009,9,FALSE,,
_PSGB-BL9_,9.009,9,FALSE,,
_PSGB-C9_,9.009,9,FALSE,,
_PSGB-G9_,9.009,9,FALSE,,
_DRN-9_,9.009,9,FALSE,,
_SDEP-9_,9.009,9,FALSE,,
_FARE-9_,9.009,9,FALSE,,
_DDEN-9_,9.009,9,FALSE,,
_XSLOPE-9_,9.009,9,FALSE,,
_GRKF-9_,9.009,9,FALSE,,
_MANN-9_,9.009,9,FALSE,,
_KSAT-9_,9.009,9,FALSE,,
_SAND1-9_,9.009,9,FALSE,,
_SAND2-9_,9.009,9,FALSE,,
_SAND3-9_,9.009,9,FALSE,,
_CLAY1-9_,9.009,9,FALSE,,
_CLAY2-9_,9.009,9,FALSE,,
_CLAY3-9_,9.009,9,FALSE,,
_ORGM1-9_,9.009,9,FALSE,,
_ORGM2-9_,9.009,9,FALSE,,
_ORGM3-9_,9.009,9,FALSE,,
_TBAR1-9_,5.438,9,FALSE,,
_TBAR2-9_,4,9,FALSE,,
_TBAR3-9_,2,9,FALSE,,
_TCAN-9_,3.565,9,FALSE,,
_TSNO-9_,0,9,FALSE,,
_TPND-9_,4.784,9,FALSE,,
_THLQ1-9_,0.2498,9,FALSE,,
_THLQ2-9_,0.3657,9,FALSE,,
_THLQ3-9_,0.3657,9,FALSE,,
_THIC1-9_,0,9,FALSE,,
_THIC2-9_,0,9,FALSE,,
_THIC3-9_,0,9,FALSE,,
_ZPND-9_,0,9,FALSE,,
_RCAN-9_,0,9,FALSE,,
_SCAN-9_,0,9,FALSE,,
_SNO-9_,0,9,FALSE,,
_ALBS-9_,0.2,9,FALSE,,
_RHOS-9_,100,9,FALSE,,
_GRO-9_,1,9,FALSE,,
,,,,,
_FCAN-NL10_,10.001,10,FALSE,,
_FCAN-BL10_,10.001,10,FALSE,,
_FCAN-C10_,10.001,10,FALSE,,
_FCAN-G10_,10.001,10,FALSE,,
_FCAN-U10_,10.001,10,FALSE,,
_LAMX-NL10_,10.001,10,TRUE,,
_LAMX-BL10_,10.001,10,TRUE,,
_LAMX-C10_,10.001,10,TRUE,,
_LAMX-G10_,10.001,10,TRUE,,
_LNZ0-NL10_,10.001,10,TRUE,,
_LNZ0-BL10_,10.001,10,TRUE,,
_LNZ0-C10_,10.001,10,TRUE,,
_LNZ0-G10_,10.001,10,TRUE,,
_LNZ0-U10_,10.001,10,TRUE,,
_LAMN-NL10_,10.001,10,FALSE,,
_LAMN-BL10_,10.001,10,FALSE,,
_LAMN-C10_,10.001,10,FALSE,,
_LAMN-G10_,10.001,10,FALSE,,
_ALVC-NL10_,10.001,10,FALSE,,
_ALVC-BL10_,10.001,10,FALSE,,
_ALVC-C10_,10.001,10,FALSE,,
_ALVC-G10_,10.001,10,FALSE,,
_ALVC-U10_,10.001,10,FALSE,,
_CMAS-NL10_,10.001,10,FALSE,,
_CMAS-BL10_,10.001,10,FALSE,,
_CMAS-C10_,10.001,10,FALSE,,
_CMAS-G10_,10.001,10,FALSE,,
_ALIC-NL10_,10.001,10,FALSE,,
_ALIC-BL10_,10.001,10,FALSE,,
_ALIC-C10_,10.001,10,FALSE,,
_ALIC-G10_,10.001,10,FALSE,,
_ALIC-U10_,10.001,10,FALSE,,
_ROOT-NL10_,10.001,10,FALSE,,
_ROOT-BL10_,10.001,10,FALSE,,
_ROOT-C10_,10.001,10,FALSE,,
_ROOT-G10_,10.001,10,FALSE,,
_RSMN-NL10_,10.001,10,FALSE,,
_RSMN-BL10_,10.001,10,FALSE,,
_RSMN-C10_,10.001,10,FALSE,,
_RSMN-G10_,10.001,10,FALSE,,
_QA50-NL10_,10.001,10,FALSE,,
_QA50-BL10_,10.001,10,FALSE,,
_QA50-C10_,10.001,10,FALSE,,
_QA50-G10_,10.001,10,FALSE,,
_VPDA-NL10_,10.001,10,FALSE,,
_VPDA-BL10_,10.001,10,FALSE,,
_VPDA-C10_,10.001,10,FALSE,,
_VPDA-G10_,10.001,10,FALSE,,
_VPDB-NL10_,10.001,10,FALSE,,
_VPDB-BL10_,10.001,10,FALSE,,
_VPDB-C10_,10.001,10,FALSE,,
_VPDB-G10_,10.001,10,FALSE,,
_PSGA-NL10_,10.001,10,FALSE,,
_PSGA-BL10_,10.001,10,FALSE,,
_PSGA-C10_,10.001,10,FALSE,,
_PSGA-G10_,10.001,10,FALSE,,
_PSGB-NL10_,10.001,10,FALSE,,
_PSGB-BL10_,10.001,10,FALSE,,
_PSGB-C10_,10.001,10,FALSE,,
_PSGB-G10_,10.001,10,FALSE,,
_DRN-10_,10.001,10,FALSE,,
_SDEP-10_,10.001,10,FALSE,,
_FARE-10_,10.001,10,FALSE,,
_DDEN-10_,10.001,10,FALSE,,
_XSLOPE-10_,10.001,10,FALSE,,
_GRKF-10_,10.001,10,FALSE,,
_MANN-10_,10.001,10,FALSE,,
_KSAT-10_,10.001,10,FALSE,,
_SAND1-10_,10.001,10,FALSE,,
_SAND2-10_,10.001,10,FALSE,,
_SAND3-10_,10.001,10,FALSE,,
_CLAY1-10_,10.001,10,FALSE,,
_CLAY2-10_,10.001,10,FALSE,,
_CLAY3-10_,10.001,10,FALSE,,
_ORGM1-10_,10.001,10,FALSE,,
_ORGM2-10_,10.001,10,FALSE,,
_ORGM3-10_,10.001,10,FALSE,,
_TBAR1-10_,5.438,10,FALSE,,
_TBAR2-10_,4,10,FALSE,,
_TBAR3-10_,2,10,FALSE,,
_TCAN-10_,3.565,10,FALSE,,
_TSNO-10_,0,10,FALSE,,
_TPND-10_,4.784,10,FALSE,,
_THLQ1-10_,0.2498,10,FALSE,,
_THLQ2-10_,0.3657,10,FALSE,,
_THLQ3-10_,0.3657,10,FALSE,,
_THIC1-10_,0,10,FALSE,,
_THIC2-10_,0,10,FALSE,,
_THIC3-10_,0,10,FALSE,,
_ZPND-10_,0,10,FALSE,,
_RCAN-10_,0,10,FALSE,,
_SCAN-10_,0,10,FALSE,,
_SNO-10_,0,10,FALSE,,
_ALBS-10_,0.2,10,FALSE,,
_RHOS-10_,100,10,FALSE,,
_GRO-10_,1,10,FALSE,,
,,,,,
_WF-R2_,0.05,NA,TRUE,,
_HydroParams_,3,NA,FALSE,,
_SOIL_POR_MAX_,0.37,NA,TRUE,,
_SOIL_DEPTH_,0.6,NA,FALSE,,
_S0_,0.962,NA,TRUE,,
_T_ICE_LENS_,-10,NA,FALSE,,
_ZSNL-1_,1.001,1,TRUE,,
_ZPLS-1_,1.001,1,TRUE,,
_ZPLG-1_,1.001,1,TRUE,,
_FRZC-1_,1.001,1,TRUE,,
_ZSNL-2_,2.002,2,TRUE,,
_ZPLS-2_,2.002,2,TRUE,,
_ZPLG-2_,2.002,2,TRUE,,
_FRZC-2_,2.002,2,TRUE,,
_ZSNL-3_,3.003,3,TRUE,,
_ZPLS-3_,3.003,3,TRUE,,
_ZPLG-3_,3.003,3,TRUE,,
_FRZC-3_,3.003,3,TRUE,,
_ZSNL-4_,4.004,4,TRUE,,
_ZPLS-4_,4.004,4,TRUE,,
_ZPLG-4_,4.004,4,TRUE,,
_FRZC-4_,4.004,4,TRUE,,
_ZSNL-5_,5.005,5,TRUE,,
_ZPLS-5_,5.005,5,TRUE,,
_ZPLG-5_,5.005,5,TRUE,,
_FRZC-5_,5.005,5,TRUE,,
_ZSNL-6_,6.006,6,TRUE,,
_ZPLS-6_,6.006,6,TRUE,,
_ZPLG-6_,6.006,6,TRUE,,
_FRZC-6_,6.006,6,TRUE,,
_ZSNL-7_,7.007,7,TRUE,,
_ZPLS-7_,7.007,7,TRUE,,
_ZPLG-7_,7.007,7,TRUE,,
_FRZC-7_,7.007,7,TRUE,,
_ZSNL-8_,8.008,8,TRUE,,
_ZPLS-8_,8.008,8,TRUE,,
_ZPLG-8_,8.008,8,TRUE,,
_FRZC-8_,8.008,8,TRUE,,
_ZSNL-9_,9.009,9,TRUE,,
_ZPLS-9_,9.009,9,TRUE,,
_ZPLG-9_,9.009,9,TRUE,,
_FRZC-9_,9.009,9,TRUE,,
_ZSNL-10_,10.001,10,TRUE,,
_ZPLS-10_,10.001,10,TRUE,,
_ZPLG-10_,10.001,10,TRUE,,
_FRZC-10_,10.001,10,TRUE,,
